{"stats":{"minecraft:crafted":{"minecraft:oak_planks":692,"minecraft:smooth_stone":15,"minecraft:cobblestone_slab":42,"minecraft:smooth_stone_slab":18,"minecraft:furnace":2,"minecraft:bone_meal":192,"minecraft:lever":1,"minecraft:oak_trapdoor":10,"minecraft:iron_boots":1,"minecraft:iron_axe":1,"minecraft:stone_pickaxe":1,"minecraft:cobblestone_wall":150,"minecraft:chest":5,"minecraft:smoker":1,"minecraft:wheat":72,"minecraft:cooked_beef":10,"minecraft:oak_slab":36,"minecraft:crafting_table":4,"minecraft:iron_helmet":1,"minecraft:wooden_pickaxe":1,"minecraft:fletching_table":2,"minecraft:stone_axe":1,"minecraft:bread":11,"minecraft:air":0,"minecraft:iron_chestplate":1,"minecraft:charcoal":13,"minecraft:stick":1112,"minecraft:iron_pickaxe":2,"minecraft:iron_shovel":1,"minecraft:acacia_planks":104},"minecraft:used":{"minecraft:oak_trapdoor":10,"minecraft:iron_shovel":241,"minecraft:dispenser":1,"minecraft:redstone":11,"minecraft:oak_sign":7,"minecraft:chest":7,"minecraft:iron_sword":95,"minecraft:zombie_spawn_egg":12,"minecraft:bell":1,"minecraft:torch":13,"minecraft:dirt":22,"minecraft:hopper":2,"minecraft:cobblestone_wall":293,"minecraft:carrot":7,"minecraft:glass":7,"minecraft:lava_bucket":1,"minecraft:villager_spawn_egg":4,"minecraft:iron_axe":251,"minecraft:repeater":2,"minecraft:oak_sapling":27,"minecraft:furnace":1,"minecraft:cooked_beef":5,"minecraft:observer":10,"minecraft:wheat_seeds":12,"minecraft:water_bucket":2,"minecraft:diorite":3,"minecraft:stone_pickaxe":6,"minecraft:oak_planks":74,"minecraft:wooden_pickaxe":25,"minecraft:fletching_table":2,"minecraft:sugar_cane":74,"minecraft:cobblestone_slab":33,"minecraft:comparator":5,"minecraft:oak_slab":15,"minecraft:crafting_table":6,"minecraft:blast_furnace":2,"minecraft:white_bed":5,"minecraft:smoker":2,"minecraft:sticky_piston":1,"minecraft:lever":1,"minecraft:apple":5,"minecraft:bread":12,"minecraft:iron_pickaxe":410,"minecraft:gravel":56,"minecraft:stone_axe":81,"minecraft:cobblestone":191,"minecraft:smooth_stone_slab":14,"minecraft:yellow_bed":7,"minecraft:oak_boat":11,"minecraft:coarse_dirt":1,"minecraft:smooth_stone":4},"minecraft:picked_up":{"minecraft:charcoal":6,"minecraft:crafting_table":2,"minecraft:wheat":8,"minecraft:brewing_stand":1,"minecraft:oak_trapdoor":1,"minecraft:iron_shovel":3,"minecraft:beef":10,"minecraft:oak_boat":9,"minecraft:observer":8,"minecraft:poppy":4,"minecraft:sugar_cane":110,"minecraft:stick":174,"minecraft:acacia_log":26,"minecraft:diorite":45,"minecraft:carrot":7,"minecraft:redstone":62,"minecraft:arrow":1,"minecraft:rotten_flesh":11,"minecraft:hay_block":8,"minecraft:cobblestone":283,"minecraft:birch_log":19,"minecraft:andesite":5,"minecraft:leather":1,"minecraft:smoker":1,"minecraft:flint":6,"minecraft:oak_log":190,"minecraft:yellow_bed":8,"minecraft:cobblestone_wall":11,"minecraft:dirt":142,"minecraft:bone":1,"minecraft:apple":2,"minecraft:wheat_seeds":29,"minecraft:bell":1,"minecraft:iron_ingot":17,"minecraft:grindstone":2,"minecraft:iron_ore":1,"minecraft:oak_planks":18,"minecraft:iron_sword":2,"minecraft:oak_slab":7,"minecraft:pumpkin":3,"minecraft:gravel":71,"minecraft:blast_furnace":2,"minecraft:white_bed":5,"minecraft:stone_axe":3,"minecraft:granite":4,"minecraft:oak_sapling":28,"minecraft:coal":36},"minecraft:broken":{"minecraft:iron_axe":1,"minecraft:iron_pickaxe":1},"minecraft:mined":{"minecraft:white_bed":5,"minecraft:oak_sapling":1,"minecraft:brewing_stand":1,"minecraft:granite":11,"minecraft:acacia_log":25,"minecraft:grass_block":116,"minecraft:redstone_wire":2,"minecraft:hay_block":8,"minecraft:redstone_ore":13,"minecraft:oak_trapdoor":1,"minecraft:carrots":2,"minecraft:iron_ore":1,"minecraft:andesite":5,"minecraft:pumpkin":3,"minecraft:bell":1,"minecraft:cobblestone_slab":1,"minecraft:stone":243,"minecraft:oak_slab":7,"minecraft:acacia_leaves":2,"minecraft:smoker":1,"minecraft:observer":8,"minecraft:crafting_table":2,"minecraft:blast_furnace":2,"minecraft:tall_grass":3,"minecraft:cobblestone":50,"minecraft:grindstone":2,"minecraft:oak_planks":18,"minecraft:sugar_cane":83,"minecraft:diorite":47,"minecraft:cobblestone_wall":19,"minecraft:birch_log":19,"minecraft:wheat":8,"minecraft:yellow_bed":8,"minecraft:grass":60,"minecraft:coal_ore":22,"minecraft:oak_log":191,"minecraft:gravel":77,"minecraft:dirt":27,"minecraft:oak_leaves":90},"minecraft:killed":{"minecraft:skeleton":4,"minecraft:iron_golem":3,"minecraft:zombie":4,"minecraft:villager":1,"minecraft:cow":5},"minecraft:custom":{"minecraft:mob_kills":20,"minecraft:animals_bred":18,"minecraft:inspect_hopper":1,"minecraft:interact_with_crafting_table":29,"minecraft:bell_ring":72,"minecraft:leave_game":4,"minecraft:time_since_death":144117,"minecraft:climb_one_cm":2932,"minecraft:sprint_one_cm":298652,"minecraft:walk_one_cm":385850,"minecraft:drop":166,"minecraft:talked_to_villager":1,"minecraft:sneak_time":11839,"minecraft:walk_under_water_one_cm":549,"minecraft:boat_one_cm":21344,"minecraft:jump":1837,"minecraft:interact_with_blast_furnace":6,"minecraft:walk_on_water_one_cm":10962,"minecraft:interact_with_furnace":19,"minecraft:play_one_minute":144117,"minecraft:sleep_in_bed":9,"minecraft:time_since_rest":835,"minecraft:damage_taken":722,"minecraft:damage_dealt":5628,"minecraft:swim_one_cm":938,"minecraft:fly_one_cm":350845,"minecraft:open_chest":61,"minecraft:crouch_one_cm":34950,"minecraft:interact_with_smoker":15,"minecraft:fall_one_cm":38622,"minecraft:inspect_dispenser":5},"minecraft:dropped":{"minecraft:iron_sword":2,"minecraft:stick":155,"minecraft:iron_shovel":3,"minecraft:bone":11,"minecraft:stone_axe":3,"minecraft:stone_pickaxe":1}},"DataVersion":2586}