{"stats":{"minecraft:dropped":{"minecraft:wooden_axe":1,"minecraft:wooden_pickaxe":1},"minecraft:picked_up":{"minecraft:crafting_table":1,"minecraft:cooked_porkchop":4,"minecraft:porkchop":5,"minecraft:oak_log":4,"minecraft:spider_eye":1,"minecraft:string":3,"minecraft:dirt":3,"minecraft:bone":1,"minecraft:arrow":2,"minecraft:wheat_seeds":1,"minecraft:oak_sapling":1,"minecraft:sugar_cane":49,"minecraft:coal":23,"minecraft:cobblestone":16,"minecraft:furnace":1},"minecraft:used":{"minecraft:stone_pickaxe":26,"minecraft:wooden_pickaxe":14,"minecraft:stone_axe":42,"minecraft:dirt":3,"minecraft:cobblestone":2,"minecraft:crafting_table":1,"minecraft:furnace":2,"minecraft:cooked_porkchop":2},"minecraft:custom":{"minecraft:time_since_rest":9730,"minecraft:interact_with_furnace":1,"minecraft:sprint_one_cm":16511,"minecraft:damage_taken":210,"minecraft:walk_one_cm":43887,"minecraft:mob_kills":7,"minecraft:drop":2,"minecraft:damage_dealt":799,"minecraft:swim_one_cm":7684,"minecraft:interact_with_crafting_table":2,"minecraft:fly_one_cm":21330,"minecraft:crouch_one_cm":2016,"minecraft:play_one_minute":9730,"minecraft:sneak_time":962,"minecraft:walk_under_water_one_cm":975,"minecraft:jump":161,"minecraft:leave_game":1,"minecraft:walk_on_water_one_cm":3043,"minecraft:time_since_death":9730,"minecraft:climb_one_cm":275,"minecraft:fall_one_cm":3350},"minecraft:mined":{"minecraft:seagrass":1,"minecraft:furnace":1,"minecraft:dark_oak_leaves":1,"minecraft:crafting_table":1,"minecraft:grass":2,"minecraft:grass_block":2,"minecraft:coal_ore":23,"minecraft:oak_log":4,"minecraft:vine":1,"minecraft:dirt":1,"minecraft:stone":15,"minecraft:sugar_cane":23,"minecraft:oak_leaves":3},"minecraft:killed":{"minecraft:skeleton":1,"minecraft:pig":2,"minecraft:spider":3,"minecraft:slime":1},"minecraft:crafted":{"minecraft:oak_planks":16,"minecraft:crafting_table":1,"minecraft:stick":8,"minecraft:wooden_pickaxe":1,"minecraft:stone_pickaxe":1,"minecraft:wooden_axe":1,"minecraft:furnace":1,"minecraft:stone_axe":1}},"DataVersion":2586}