{"stats":{"minecraft:crafted":{"minecraft:oak_planks":16,"minecraft:stone_axe":1,"minecraft:crafting_table":1,"minecraft:stick":12,"minecraft:stone_pickaxe":2,"minecraft:wooden_pickaxe":1},"minecraft:used":{"minecraft:stone_axe":2,"minecraft:crafting_table":1,"minecraft:wooden_pickaxe":9},"minecraft:picked_up":{"minecraft:crafting_table":1,"minecraft:oak_log":4,"minecraft:oak_sapling":1,"minecraft:dirt":1,"minecraft:cobblestone":9},"minecraft:mined":{"minecraft:oak_log":5,"minecraft:dirt":1,"minecraft:stone":9,"minecraft:crafting_table":1,"minecraft:oak_leaves":4},"minecraft:custom":{"minecraft:time_since_rest":11469,"minecraft:play_one_minute":11469,"minecraft:crouch_one_cm":491,"minecraft:sprint_one_cm":4664,"minecraft:damage_taken":30,"minecraft:walk_one_cm":50179,"minecraft:sneak_time":112,"minecraft:drop":2,"minecraft:jump":160,"minecraft:leave_game":2,"minecraft:time_since_death":11469,"minecraft:interact_with_crafting_table":4,"minecraft:fall_one_cm":1881,"minecraft:fly_one_cm":9476},"minecraft:dropped":{"minecraft:dirt":1,"minecraft:stone_pickaxe":1}},"DataVersion":2586}