{"stats":{"minecraft:dropped":{"minecraft:wooden_axe":1,"minecraft:wooden_pickaxe":1},"minecraft:picked_up":{"minecraft:crafting_table":1,"minecraft:oak_log":4,"minecraft:dirt":2,"minecraft:oak_sapling":1,"minecraft:coal":23,"minecraft:cobblestone":16,"minecraft:furnace":1},"minecraft:used":{"minecraft:stone_pickaxe":26,"minecraft:wooden_pickaxe":14,"minecraft:stone_axe":1,"minecraft:dirt":1,"minecraft:cobblestone":2,"minecraft:crafting_table":1,"minecraft:furnace":2},"minecraft:custom":{"minecraft:time_since_rest":6274,"minecraft:sprint_one_cm":7810,"minecraft:damage_taken":10,"minecraft:walk_one_cm":21204,"minecraft:drop":2,"minecraft:swim_one_cm":4155,"minecraft:interact_with_crafting_table":2,"minecraft:fly_one_cm":11067,"minecraft:crouch_one_cm":2016,"minecraft:play_one_minute":6274,"minecraft:sneak_time":962,"minecraft:walk_under_water_one_cm":739,"minecraft:jump":100,"minecraft:leave_game":1,"minecraft:time_since_death":6274,"minecraft:walk_on_water_one_cm":461,"minecraft:fall_one_cm":3141},"minecraft:mined":{"minecraft:furnace":1,"minecraft:dark_oak_leaves":1,"minecraft:crafting_table":1,"minecraft:grass_block":1,"minecraft:oak_log":4,"minecraft:coal_ore":23,"minecraft:dirt":1,"minecraft:stone":15,"minecraft:oak_leaves":3},"minecraft:crafted":{"minecraft:oak_planks":16,"minecraft:crafting_table":1,"minecraft:stick":8,"minecraft:wooden_pickaxe":1,"minecraft:stone_pickaxe":1,"minecraft:wooden_axe":1,"minecraft:furnace":1,"minecraft:stone_axe":1}},"DataVersion":2586}