{"stats":{"minecraft:broken":{"minecraft:iron_shovel":1,"minecraft:iron_axe":2},"minecraft:picked_up":{"minecraft:crafting_table":2,"minecraft:lead":2,"minecraft:enchanted_book":1,"minecraft:shield":1,"minecraft:red_bed":6,"minecraft:string":1,"minecraft:dark_oak_trapdoor":1,"minecraft:iron_axe":2,"minecraft:bucket":1,"minecraft:beef":10,"minecraft:poppy":37,"minecraft:iron_pickaxe":1,"minecraft:light_gray_wool":2,"minecraft:sugar_cane":61,"minecraft:chest":8,"minecraft:furnace":1,"minecraft:dark_oak_sapling":22,"minecraft:stick":34,"minecraft:sandstone":30,"minecraft:oak_fence":6,"minecraft:torch":37,"minecraft:acacia_log":56,"minecraft:porkchop":12,"minecraft:diorite":6,"minecraft:redstone":4,"minecraft:iron_horse_armor":1,"minecraft:stone_pressure_plate":1,"minecraft:dark_oak_planks":39,"minecraft:tnt":18,"minecraft:arrow":3,"minecraft:rotten_flesh":3,"minecraft:obsidian":4,"minecraft:mutton":25,"minecraft:white_wool":18,"minecraft:cobblestone":404,"minecraft:stripped_oak_log":3,"minecraft:clock":1,"minecraft:andesite":7,"minecraft:cut_sandstone":1,"minecraft:leather":10,"minecraft:smoker":1,"minecraft:flint":6,"minecraft:oak_log":18,"minecraft:gunpowder":14,"minecraft:acacia_boat":6,"minecraft:lapis_lazuli":51,"minecraft:dirt":235,"minecraft:paper":9,"minecraft:bone":17,"minecraft:apple":6,"minecraft:wheat_seeds":8,"minecraft:bell":1,"minecraft:iron_ingot":1,"minecraft:iron_ore":1,"minecraft:stripped_oak_wood":2,"minecraft:fletching_table":2,"minecraft:acacia_sapling":3,"minecraft:book":3,"minecraft:dark_oak_slab":12,"minecraft:gravel":78,"minecraft:sand":35,"minecraft:white_bed":1,"minecraft:dark_oak_log":1223,"minecraft:spider_eye":1,"minecraft:diamond":3,"minecraft:stone_axe":1,"minecraft:granite":26,"minecraft:bread":14,"minecraft:emerald":12,"minecraft:oak_sapling":3,"minecraft:coal":55},"minecraft:dropped":{"minecraft:stone_hoe":17,"minecraft:water_bucket":1,"minecraft:iron_ingot":9,"minecraft:porkchop":12,"minecraft:cooked_beef":4,"minecraft:dark_oak_sapling":2,"minecraft:cobblestone":191,"minecraft:diamond_leggings":1,"minecraft:feather":1,"minecraft:iron_helmet":8,"minecraft:lead":1,"minecraft:prismarine_crystals":8,"minecraft:leather":2,"minecraft:red_wool":3,"minecraft:saddle":1,"minecraft:acacia_log":9,"minecraft:emerald":16,"minecraft:mutton":6,"minecraft:cooked_cod":5,"minecraft:cut_sandstone":1,"minecraft:diamond_helmet":1,"minecraft:sand":29,"minecraft:iron_axe":1,"minecraft:red_dye":1,"minecraft:iron_pickaxe":1,"minecraft:chainmail_leggings":10,"minecraft:white_wool":9,"minecraft:gold_ingot":9,"minecraft:stone_axe":34,"minecraft:iron_nugget":7,"minecraft:iron_boots":1,"minecraft:light_gray_wool":2,"minecraft:chainmail_chestplate":15,"minecraft:filled_map":1,"minecraft:diamond_chestplate":1,"minecraft:iron_chestplate":2,"minecraft:chest":6,"minecraft:acacia_sapling":3,"minecraft:stone_pressure_plate":1,"minecraft:spider_eye":1,"minecraft:sandstone":24,"minecraft:arrow":1,"minecraft:beef":6,"minecraft:stone_pickaxe":1},"minecraft:used":{"minecraft:enchanting_table":1,"minecraft:iron_shovel":331,"minecraft:chest":9,"minecraft:shield":23,"minecraft:bell":1,"minecraft:cooked_chicken":13,"minecraft:torch":43,"minecraft:dirt":112,"minecraft:anvil":1,"minecraft:dark_oak_planks":126,"minecraft:bookshelf":2,"minecraft:iron_axe":1037,"minecraft:dark_oak_slab":22,"minecraft:furnace":2,"minecraft:acacia_planks":86,"minecraft:dark_oak_sapling":9,"minecraft:cooked_mutton":15,"minecraft:acacia_boat":13,"minecraft:water_bucket":10,"minecraft:stone_pickaxe":56,"minecraft:sandstone":6,"minecraft:sugar_cane":9,"minecraft:diamond_axe":438,"minecraft:fletching_table":5,"minecraft:dark_oak_trapdoor":11,"minecraft:sand":14,"minecraft:crafting_table":3,"minecraft:red_bed":7,"minecraft:blast_furnace":1,"minecraft:white_bed":1,"minecraft:smoker":2,"minecraft:diamond_pickaxe":261,"minecraft:iron_pickaxe":38,"minecraft:bread":7,"minecraft:gravel":50,"minecraft:cobblestone":8,"minecraft:smithing_table":1,"minecraft:bucket":12,"minecraft:bone_meal":21},"minecraft:custom":{"minecraft:interact_with_smithing_table":2,"minecraft:interact_with_anvil":1,"minecraft:mob_kills":45,"minecraft:interact_with_crafting_table":61,"minecraft:bell_ring":80,"minecraft:leave_game":6,"minecraft:time_since_death":199350,"minecraft:sprint_one_cm":407800,"minecraft:walk_one_cm":589379,"minecraft:damage_blocked_by_shield":2260,"minecraft:drop":136,"minecraft:talked_to_villager":167,"minecraft:deaths":1,"minecraft:sneak_time":16422,"minecraft:walk_under_water_one_cm":11225,"minecraft:boat_one_cm":16785,"minecraft:jump":4448,"minecraft:interact_with_blast_furnace":19,"minecraft:walk_on_water_one_cm":20497,"minecraft:interact_with_furnace":50,"minecraft:traded_with_villager":505,"minecraft:play_one_minute":200592,"minecraft:sleep_in_bed":12,"minecraft:time_since_rest":5571,"minecraft:damage_taken":1146,"minecraft:damage_dealt":5971,"minecraft:swim_one_cm":107969,"minecraft:fly_one_cm":708581,"minecraft:open_chest":135,"minecraft:crouch_one_cm":48838,"minecraft:interact_with_smoker":6,"minecraft:fall_one_cm":73981,"minecraft:horse_one_cm":2031},"minecraft:mined":{"minecraft:dark_oak_planks":39,"minecraft:diamond_ore":3,"minecraft:white_bed":2,"minecraft:dark_oak_leaves":13,"minecraft:dark_oak_log":1221,"minecraft:granite":26,"minecraft:obsidian":4,"minecraft:acacia_log":57,"minecraft:grass_block":64,"minecraft:sandstone":19,"minecraft:tall_seagrass":1,"minecraft:redstone_ore":1,"minecraft:furnace":1,"minecraft:dark_oak_trapdoor":1,"minecraft:iron_ore":1,"minecraft:andesite":7,"minecraft:fletching_table":2,"minecraft:bell":1,"minecraft:bookshelf":1,"minecraft:stripped_oak_log":3,"minecraft:stone":231,"minecraft:cut_sandstone":1,"minecraft:acacia_leaves":1,"minecraft:red_bed":6,"minecraft:smoker":1,"minecraft:orange_terracotta":1,"minecraft:oak_fence":3,"minecraft:crafting_table":3,"minecraft:poppy":20,"minecraft:chest":2,"minecraft:tall_grass":1,"minecraft:cobblestone":2,"minecraft:lapis_ore":5,"minecraft:sugar_cane":16,"minecraft:diorite":6,"minecraft:wall_torch":2,"minecraft:dark_oak_slab":12,"minecraft:stripped_oak_wood":1,"minecraft:tnt":9,"minecraft:grass_path":56,"minecraft:grass":77,"minecraft:oak_log":18,"minecraft:coal_ore":28,"minecraft:sand":28,"minecraft:gravel":92,"minecraft:dirt":28,"minecraft:oak_leaves":11},"minecraft:killed":{"minecraft:spider":4,"minecraft:skeleton":4,"minecraft:pig":7,"minecraft:sheep":14,"minecraft:zombie":11,"minecraft:cow":5},"minecraft:crafted":{"minecraft:smooth_stone":3,"minecraft:oak_planks":56,"minecraft:rabbit_stew":8,"minecraft:cooked_chicken":312,"minecraft:furnace":3,"minecraft:blast_furnace":1,"minecraft:dark_oak_trapdoor":10,"minecraft:stone":6,"minecraft:bone_meal":39,"minecraft:bookshelf":2,"minecraft:cooked_mutton":15,"minecraft:diamond_helmet":1,"minecraft:diamond_leggings":1,"minecraft:iron_boots":2,"minecraft:iron_axe":4,"minecraft:stone_pickaxe":1,"minecraft:chest":8,"minecraft:diamond_boots":2,"minecraft:dark_oak_planks":4876,"minecraft:stone_hoe":17,"minecraft:chainmail_leggings":12,"minecraft:smoker":1,"minecraft:cooked_beef":4,"minecraft:red_dye":7,"minecraft:emerald":349,"minecraft:diamond_axe":1,"minecraft:crafting_table":1,"minecraft:enchanting_table":1,"minecraft:iron_helmet":10,"minecraft:red_bed":1,"minecraft:chainmail_chestplate":15,"minecraft:smithing_table":1,"minecraft:red_wool":6,"minecraft:fletching_table":3,"minecraft:bucket":1,"minecraft:stone_axe":43,"minecraft:acacia_boat":9,"minecraft:air":0,"minecraft:book":5,"minecraft:paper":18,"minecraft:dark_oak_slab":18,"minecraft:iron_chestplate":2,"minecraft:diamond_pickaxe":1,"minecraft:charcoal":6,"minecraft:golden_apple":1,"minecraft:stick":9488,"minecraft:iron_ingot":142,"minecraft:iron_pickaxe":3,"minecraft:iron_block":3,"minecraft:iron_shovel":2,"minecraft:anvil":1,"minecraft:acacia_planks":188,"minecraft:diamond_chestplate":1}},"DataVersion":2586}