{"stats":{"minecraft:crafted":{"minecraft:charcoal":2,"minecraft:furnace":1,"minecraft:cooked_mutton":6,"minecraft:air":0},"minecraft:picked_up":{"minecraft:sandstone":2,"minecraft:leather":2,"minecraft:acacia_log":9,"minecraft:sand":11,"minecraft:oak_log":8,"minecraft:shield":1,"minecraft:spider_eye":1,"minecraft:iron_axe":1,"minecraft:beef":4,"minecraft:mutton":6,"minecraft:acacia_sapling":1,"minecraft:white_wool":3,"minecraft:cobblestone":18},"minecraft:used":{"minecraft:cooked_mutton":4,"minecraft:iron_axe":33,"minecraft:shield":2,"minecraft:furnace":1},"minecraft:mined":{"minecraft:tall_seagrass":1,"minecraft:acacia_leaves":1,"minecraft:grass":2,"minecraft:acacia_log":9,"minecraft:oak_log":8,"minecraft:sand":11,"minecraft:tall_grass":1,"minecraft:oak_leaves":9},"minecraft:killed":{"minecraft:sheep":3,"minecraft:zombie":1,"minecraft:spider":1,"minecraft:cow":2},"minecraft:custom":{"minecraft:time_since_rest":16518,"minecraft:interact_with_furnace":14,"minecraft:sprint_one_cm":15095,"minecraft:damage_taken":185,"minecraft:walk_one_cm":48246,"minecraft:damage_blocked_by_shield":300,"minecraft:mob_kills":7,"minecraft:drop":6,"minecraft:damage_dealt":1077,"minecraft:swim_one_cm":98584,"minecraft:interact_with_crafting_table":1,"minecraft:fly_one_cm":29331,"minecraft:open_chest":3,"minecraft:play_one_minute":17726,"minecraft:crouch_one_cm":517,"minecraft:deaths":1,"minecraft:sneak_time":295,"minecraft:walk_under_water_one_cm":4730,"minecraft:jump":241,"minecraft:leave_game":2,"minecraft:walk_on_water_one_cm":6237,"minecraft:time_since_death":16484,"minecraft:fall_one_cm":6239},"minecraft:dropped":{"minecraft:filled_map":1,"minecraft:iron_ingot":9,"minecraft:iron_nugget":7,"minecraft:sand":1,"minecraft:acacia_log":9,"minecraft:white_wool":3}},"DataVersion":2586}