{"stats":{"minecraft:custom":{"minecraft:jump":154,"minecraft:time_since_rest":5427,"minecraft:crouch_one_cm":229,"minecraft:sprint_one_cm":6138,"minecraft:play_time":5427,"minecraft:time_since_death":5427,"minecraft:walk_one_cm":19187,"minecraft:sneak_time":60,"minecraft:total_world_time":5427,"minecraft:fall_one_cm":3518,"minecraft:fly_one_cm":18225},"minecraft:mined":{"minecraft:bamboo":3,"minecraft:sugar_cane":2},"minecraft:picked_up":{"minecraft:bamboo":34,"minecraft:sugar_cane":6}},"DataVersion":3465}