{"stats":{"minecraft:broken":{"minecraft:iron_axe":1,"minecraft:iron_pickaxe":1},"minecraft:dropped":{"minecraft:bread":14,"minecraft:wheat_seeds":2,"minecraft:cobblestone":17,"minecraft:lead":2,"minecraft:granite":1,"minecraft:flint":1,"minecraft:dark_oak_log":1,"minecraft:torch":32,"minecraft:iron_axe":2,"minecraft:iron_pickaxe":1,"minecraft:smooth_stone":1,"minecraft:string":16,"minecraft:bucket":1,"minecraft:gravel":7,"minecraft:filled_map":1,"minecraft:shield":1,"minecraft:andesite":1,"minecraft:beetroot_seeds":6,"minecraft:chest":6,"minecraft:spider_eye":3},"minecraft:picked_up":{"minecraft:crafting_table":1,"minecraft:charcoal":1,"minecraft:iron_chestplate":1,"minecraft:lead":4,"minecraft:brewing_stand":1,"minecraft:string":8,"minecraft:iron_axe":1,"minecraft:diamond_leggings":1,"minecraft:smooth_stone":1,"minecraft:beef":7,"minecraft:iron_nugget":7,"minecraft:iron_pickaxe":1,"minecraft:sugar_cane":10,"minecraft:chest":12,"minecraft:furnace":3,"minecraft:iron_boots":1,"minecraft:dark_oak_sapling":7,"minecraft:stick":4,"minecraft:sandstone":43,"minecraft:composter":3,"minecraft:oak_fence":10,"minecraft:torch":2,"minecraft:acacia_log":9,"minecraft:porkchop":13,"minecraft:diorite":11,"minecraft:carrot":149,"minecraft:cauldron":4,"minecraft:cooked_cod":5,"minecraft:arrow":15,"minecraft:diamond_chestplate":1,"minecraft:rotten_flesh":2,"minecraft:beetroot_seeds":9,"minecraft:hay_block":19,"minecraft:sandstone_stairs":1,"minecraft:saddle":1,"minecraft:gold_ingot":9,"minecraft:mutton":7,"minecraft:oxeye_daisy":3,"minecraft:cobblestone":349,"minecraft:rail":3,"minecraft:white_wool":7,"minecraft:cooked_beef":4,"minecraft:water_bucket":1,"minecraft:andesite":26,"minecraft:leather":4,"minecraft:potato":11,"minecraft:filled_map":1,"minecraft:flint":1,"minecraft:oak_log":6,"minecraft:yellow_bed":8,"minecraft:cobblestone_stairs":3,"minecraft:acacia_boat":2,"minecraft:lapis_lazuli":15,"minecraft:dirt":123,"minecraft:orange_terracotta":1,"minecraft:bone":13,"minecraft:acacia_planks":1,"minecraft:stonecutter":2,"minecraft:bow":1,"minecraft:wheat_seeds":13,"minecraft:iron_ingot":9,"minecraft:iron_ore":172,"minecraft:diamond_helmet":1,"minecraft:stone_hoe":1,"minecraft:oak_planks":1,"minecraft:dark_oak_slab":1,"minecraft:gravel":9,"minecraft:sand":83,"minecraft:white_bed":10,"minecraft:spider_eye":3,"minecraft:dark_oak_log":194,"minecraft:granite":7,"minecraft:emerald":16,"minecraft:oak_sapling":1,"minecraft:coal":63},"minecraft:used":{"minecraft:oak_trapdoor":1,"minecraft:oak_fence":10,"minecraft:iron_shovel":204,"minecraft:shield":26,"minecraft:stone_hoe":87,"minecraft:cooked_chicken":6,"minecraft:torch":11,"minecraft:dirt":46,"minecraft:cobblestone_wall":78,"minecraft:carrot":135,"minecraft:granite":5,"minecraft:iron_axe":291,"minecraft:dark_oak_slab":1,"minecraft:oak_sapling":1,"minecraft:furnace":3,"minecraft:cooked_beef":7,"minecraft:potato":1,"minecraft:acacia_planks":2,"minecraft:orange_terracotta":1,"minecraft:dark_oak_sapling":7,"minecraft:cooked_mutton":3,"minecraft:acacia_boat":3,"minecraft:water_bucket":5,"minecraft:diorite":11,"minecraft:cobblestone_stairs":43,"minecraft:sandstone_stairs":9,"minecraft:oak_planks":1,"minecraft:sandstone":29,"minecraft:composter":1,"minecraft:sugar_cane":13,"minecraft:sand":30,"minecraft:crafting_table":3,"minecraft:white_bed":7,"minecraft:bread":15,"minecraft:iron_pickaxe":655,"minecraft:gravel":2,"minecraft:cobblestone":113,"minecraft:bucket":4,"minecraft:andesite":21,"minecraft:yellow_bed":3,"minecraft:bone_meal":48},"minecraft:custom":{"minecraft:mob_kills":20,"minecraft:interact_with_anvil":1,"minecraft:interact_with_crafting_table":31,"minecraft:bell_ring":38,"minecraft:leave_game":1,"minecraft:time_since_death":0,"minecraft:climb_one_cm":2792,"minecraft:sprint_one_cm":309919,"minecraft:walk_one_cm":458295,"minecraft:damage_blocked_by_shield":1010,"minecraft:drop":42,"minecraft:talked_to_villager":7,"minecraft:deaths":2,"minecraft:sneak_time":38828,"minecraft:walk_under_water_one_cm":28663,"minecraft:boat_one_cm":3095,"minecraft:jump":2392,"minecraft:walk_on_water_one_cm":50970,"minecraft:interact_with_furnace":20,"minecraft:traded_with_villager":1,"minecraft:play_one_minute":202946,"minecraft:sleep_in_bed":17,"minecraft:time_since_rest":349,"minecraft:damage_taken":1545,"minecraft:damage_dealt":3980,"minecraft:swim_one_cm":94798,"minecraft:fly_one_cm":408889,"minecraft:open_chest":51,"minecraft:crouch_one_cm":120657,"minecraft:fall_one_cm":37212,"minecraft:horse_one_cm":551824},"minecraft:mined":{"minecraft:white_bed":10,"minecraft:farmland":1,"minecraft:dark_oak_leaves":13,"minecraft:cobblestone_stairs":3,"minecraft:dark_oak_log":193,"minecraft:brewing_stand":1,"minecraft:granite":8,"minecraft:grass_block":75,"minecraft:composter":3,"minecraft:oxeye_daisy":4,"minecraft:sandstone":47,"minecraft:sandstone_stairs":1,"minecraft:hay_block":19,"minecraft:smooth_stone":1,"minecraft:carrots":44,"minecraft:furnace":3,"minecraft:iron_ore":175,"minecraft:andesite":32,"minecraft:potatoes":3,"minecraft:rail":1,"minecraft:stone":283,"minecraft:oak_fence":10,"minecraft:dead_bush":3,"minecraft:tall_grass":9,"minecraft:cobblestone":5,"minecraft:lapis_ore":2,"minecraft:sugar_cane":8,"minecraft:oak_planks":1,"minecraft:wall_torch":1,"minecraft:diorite":11,"minecraft:cauldron":4,"minecraft:dark_oak_slab":1,"minecraft:yellow_bed":8,"minecraft:grass":149,"minecraft:oak_log":6,"minecraft:coal_ore":57,"minecraft:dark_oak_sapling":1,"minecraft:gravel":10,"minecraft:sand":87,"minecraft:dirt":31,"minecraft:acacia_planks":1,"minecraft:stonecutter":2,"minecraft:oak_leaves":6},"minecraft:killed":{"minecraft:cave_spider":1,"minecraft:skeleton":9,"minecraft:pig":1,"minecraft:wandering_trader":1,"minecraft:sheep":1,"minecraft:trader_llama":2,"minecraft:zombie":3,"minecraft:cow":1},"minecraft:crafted":{"minecraft:oak_planks":24,"minecraft:furnace":1,"minecraft:cobblestone_stairs":40,"minecraft:bone_meal":39,"minecraft:cooked_mutton":3,"minecraft:oak_trapdoor":4,"minecraft:iron_axe":2,"minecraft:cobblestone_wall":96,"minecraft:dark_oak_planks":764,"minecraft:stone_hoe":1,"minecraft:wheat":90,"minecraft:cooked_beef":3,"minecraft:emerald":1,"minecraft:crafting_table":2,"minecraft:bucket":1,"minecraft:bread":27,"minecraft:acacia_boat":1,"minecraft:air":0,"minecraft:shield":2,"minecraft:stick":1592,"minecraft:iron_ingot":3,"minecraft:iron_pickaxe":1,"minecraft:iron_shovel":1,"minecraft:white_bed":1,"minecraft:acacia_planks":36,"minecraft:torch":48,"minecraft:sandstone_stairs":8}},"DataVersion":2586}