{"stats":{"minecraft:crafted":{"minecraft:cooked_beef":10,"minecraft:oak_planks":20,"minecraft:stone_shovel":1,"minecraft:crafting_table":1,"minecraft:baked_potato":2,"minecraft:iron_helmet":1,"minecraft:furnace":2,"minecraft:stone":15,"minecraft:cobblestone_stairs":4,"minecraft:bone_meal":57,"minecraft:bucket":1,"minecraft:cooked_mutton":1,"minecraft:bread":3,"minecraft:air":0,"minecraft:oak_trapdoor":4,"minecraft:oak_boat":1,"minecraft:iron_chestplate":1,"minecraft:shield":1,"minecraft:iron_axe":1,"minecraft:stick":4,"minecraft:iron_ingot":18,"minecraft:iron_pickaxe":1,"minecraft:cobblestone_wall":72,"minecraft:iron_shovel":1,"minecraft:rail":16,"minecraft:acacia_planks":8,"minecraft:torch":4,"minecraft:stone_hoe":1,"minecraft:wheat":9},"minecraft:used":{"minecraft:cooked_mutton":1,"minecraft:oak_trapdoor":4,"minecraft:wheat_seeds":5,"minecraft:water_bucket":10,"minecraft:iron_ore":2,"minecraft:cobblestone_stairs":1,"minecraft:stone_shovel":79,"minecraft:stone_pickaxe":126,"minecraft:baked_potato":2,"minecraft:oak_planks":3,"minecraft:shield":43,"minecraft:iron_sword":20,"minecraft:composter":7,"minecraft:stone_hoe":97,"minecraft:white_wool":1,"minecraft:torch":7,"minecraft:dirt":29,"minecraft:oak_slab":1,"minecraft:crafting_table":3,"minecraft:cobblestone_wall":74,"minecraft:carrot":116,"minecraft:white_bed":10,"minecraft:apple":6,"minecraft:bread":3,"minecraft:iron_axe":170,"minecraft:iron_pickaxe":21,"minecraft:cobblestone":24,"minecraft:furnace":3,"minecraft:bucket":11,"minecraft:andesite":6,"minecraft:yellow_bed":3,"minecraft:oak_boat":3,"minecraft:egg":2,"minecraft:cooked_beef":8,"minecraft:potato":1,"minecraft:bone_meal":57},"minecraft:picked_up":{"minecraft:birch_log":5,"minecraft:crafting_table":2,"minecraft:wheat":4,"minecraft:andesite":10,"minecraft:leather":11,"minecraft:potato":3,"minecraft:oak_log":22,"minecraft:cobblestone_wall":23,"minecraft:yellow_bed":3,"minecraft:gunpowder":2,"minecraft:oak_trapdoor":1,"minecraft:string":2,"minecraft:dirt":86,"minecraft:bone":19,"minecraft:apple":2,"minecraft:wheat_seeds":24,"minecraft:beef":22,"minecraft:stone_pickaxe":1,"minecraft:oak_boat":3,"minecraft:iron_ore":20,"minecraft:sugar_cane":2,"minecraft:oak_planks":2,"minecraft:birch_sapling":13,"minecraft:acacia_sapling":3,"minecraft:egg":2,"minecraft:furnace":1,"minecraft:oak_slab":1,"minecraft:stick":23,"minecraft:composter":7,"minecraft:dandelion":4,"minecraft:torch":3,"minecraft:acacia_log":5,"minecraft:white_bed":11,"minecraft:carrot":114,"minecraft:spider_eye":2,"minecraft:arrow":9,"minecraft:rotten_flesh":9,"minecraft:hay_block":1,"minecraft:oak_sapling":23,"minecraft:mutton":1,"minecraft:coal":26,"minecraft:white_wool":2,"minecraft:cobblestone":98},"minecraft:broken":{"minecraft:stone_pickaxe":1},"minecraft:mined":{"minecraft:oak_slab":1,"minecraft:white_bed":10,"minecraft:dandelion":1,"minecraft:crafting_table":2,"minecraft:torch":1,"minecraft:acacia_log":6,"minecraft:grass_block":69,"minecraft:cobblestone":2,"minecraft:tall_grass":21,"minecraft:oak_planks":2,"minecraft:composter":7,"minecraft:wall_torch":2,"minecraft:hay_block":1,"minecraft:oak_trapdoor":1,"minecraft:cobblestone_wall":22,"minecraft:furnace":1,"minecraft:carrots":36,"minecraft:birch_log":5,"minecraft:iron_ore":20,"minecraft:wheat":4,"minecraft:birch_leaves":14,"minecraft:andesite":10,"minecraft:yellow_bed":3,"minecraft:grass":149,"minecraft:oak_log":21,"minecraft:potatoes":1,"minecraft:coal_ore":26,"minecraft:dirt":16,"minecraft:stone":64,"minecraft:white_wool":1,"minecraft:oak_leaves":63},"minecraft:killed":{"minecraft:spider":2,"minecraft:creeper":1,"minecraft:sheep":1,"minecraft:skeleton":6,"minecraft:zombie":10,"minecraft:cow":12},"minecraft:custom":{"minecraft:interact_with_furnace":41,"minecraft:mob_kills":32,"minecraft:interact_with_crafting_table":36,"minecraft:play_one_minute":132132,"minecraft:bell_ring":28,"minecraft:interact_with_grindstone":1,"minecraft:leave_game":1,"minecraft:time_since_death":132132,"minecraft:sleep_in_bed":10,"minecraft:climb_one_cm":864,"minecraft:time_since_rest":835,"minecraft:sprint_one_cm":305251,"minecraft:damage_taken":776,"minecraft:walk_one_cm":363046,"minecraft:damage_blocked_by_shield":1665,"minecraft:drop":8,"minecraft:damage_dealt":4771,"minecraft:talked_to_villager":8,"minecraft:swim_one_cm":2710,"minecraft:fly_one_cm":418554,"minecraft:open_chest":38,"minecraft:crouch_one_cm":41638,"minecraft:sneak_time":12714,"minecraft:walk_under_water_one_cm":5846,"minecraft:boat_one_cm":10843,"minecraft:jump":1991,"minecraft:interact_with_blast_furnace":4,"minecraft:walk_on_water_one_cm":10163,"minecraft:interact_with_smoker":1,"minecraft:fall_one_cm":41232},"minecraft:dropped":{"minecraft:birch_sapling":3,"minecraft:cobblestone":32,"minecraft:rotten_flesh":9,"minecraft:apple":1,"minecraft:acacia_sapling":3,"minecraft:dandelion":4}},"DataVersion":2586}