{"stats":{"minecraft:crafted":{"minecraft:oak_planks":24,"minecraft:shield":2,"minecraft:iron_axe":1,"minecraft:crafting_table":1,"minecraft:stick":8,"minecraft:iron_pickaxe":1,"minecraft:iron_shovel":1,"minecraft:white_bed":1},"minecraft:used":{"minecraft:iron_shovel":40,"minecraft:iron_pickaxe":134,"minecraft:sand":3,"minecraft:crafting_table":1,"minecraft:white_bed":1},"minecraft:picked_up":{"minecraft:sandstone":25,"minecraft:acacia_log":9,"minecraft:filled_map":1,"minecraft:sand":40,"minecraft:oak_log":6,"minecraft:granite":1,"minecraft:iron_ingot":9,"minecraft:iron_ore":8,"minecraft:iron_nugget":7,"minecraft:coal":6,"minecraft:white_wool":3,"minecraft:cobblestone":81},"minecraft:mined":{"minecraft:iron_ore":8,"minecraft:granite":1,"minecraft:coal_ore":7,"minecraft:oak_log":6,"minecraft:sand":42,"minecraft:tall_grass":1,"minecraft:stone":86,"minecraft:oak_leaves":1,"minecraft:sandstone":30},"minecraft:custom":{"minecraft:time_since_rest":4863,"minecraft:sprint_one_cm":5937,"minecraft:walk_one_cm":22975,"minecraft:drop":3,"minecraft:damage_dealt":137,"minecraft:swim_one_cm":71753,"minecraft:interact_with_crafting_table":4,"minecraft:fly_one_cm":8986,"minecraft:crouch_one_cm":10486,"minecraft:play_one_minute":16087,"minecraft:deaths":1,"minecraft:sneak_time":3577,"minecraft:walk_under_water_one_cm":6536,"minecraft:jump":87,"minecraft:walk_on_water_one_cm":5473,"minecraft:time_since_death":15055,"minecraft:sleep_in_bed":1,"minecraft:fall_one_cm":1105},"minecraft:dropped":{"minecraft:shield":1,"minecraft:cobblestone":17,"minecraft:iron_axe":1}},"DataVersion":2586}