{"stats":{"minecraft:dropped":{"minecraft:cooked_porkchop":1,"minecraft:wooden_pickaxe":1},"minecraft:picked_up":{"minecraft:crafting_table":1,"minecraft:porkchop":13,"minecraft:dark_oak_log":17,"minecraft:sugar":2,"minecraft:wheat_seeds":3,"minecraft:spruce_planks":1,"minecraft:coal":84,"minecraft:cobblestone":61,"minecraft:furnace":2},"minecraft:used":{"minecraft:stone_pickaxe":91,"minecraft:spruce_planks":1,"minecraft:wooden_pickaxe":16,"minecraft:stone_axe":39,"minecraft:crafting_table":1,"minecraft:furnace":1,"minecraft:cooked_porkchop":5},"minecraft:custom":{"minecraft:time_since_rest":17604,"minecraft:interact_with_furnace":12,"minecraft:sprint_one_cm":32691,"minecraft:damage_taken":510,"minecraft:walk_one_cm":33865,"minecraft:mob_kills":8,"minecraft:drop":2,"minecraft:damage_dealt":1197,"minecraft:swim_one_cm":10849,"minecraft:interact_with_crafting_table":3,"minecraft:fly_one_cm":38356,"minecraft:crouch_one_cm":12670,"minecraft:play_one_minute":17604,"minecraft:sneak_time":3954,"minecraft:walk_under_water_one_cm":772,"minecraft:jump":233,"minecraft:time_since_death":17604,"minecraft:walk_on_water_one_cm":12977,"minecraft:climb_one_cm":1001,"minecraft:fall_one_cm":3313},"minecraft:mined":{"minecraft:spruce_planks":1,"minecraft:furnace":2,"minecraft:dark_oak_log":17,"minecraft:crafting_table":1,"minecraft:grass":25,"minecraft:coal_ore":43,"minecraft:vine":1,"minecraft:stone":62},"minecraft:killed":{"minecraft:skeleton":1,"minecraft:zombie":1,"minecraft:pig":5,"minecraft:witch":1},"minecraft:crafted":{"minecraft:cooked_porkchop":10,"minecraft:crafting_table":1,"minecraft:stick":8,"minecraft:wooden_pickaxe":1,"minecraft:stone_pickaxe":1,"minecraft:dark_oak_planks":12,"minecraft:stone_axe":1,"minecraft:air":0}},"DataVersion":2586}