{"stats":{"minecraft:dropped":{"minecraft:wooden_pickaxe":1},"minecraft:picked_up":{"minecraft:crafting_table":1,"minecraft:coal":20,"minecraft:dark_oak_log":17,"minecraft:cobblestone":45,"minecraft:furnace":1},"minecraft:used":{"minecraft:stone_axe":7,"minecraft:crafting_table":1,"minecraft:stone_pickaxe":51,"minecraft:wooden_pickaxe":16},"minecraft:custom":{"minecraft:time_since_rest":5604,"minecraft:play_one_minute":5604,"minecraft:crouch_one_cm":8860,"minecraft:sprint_one_cm":11314,"minecraft:walk_one_cm":8542,"minecraft:sneak_time":2598,"minecraft:drop":1,"minecraft:jump":39,"minecraft:time_since_death":5604,"minecraft:interact_with_crafting_table":3,"minecraft:fall_one_cm":896,"minecraft:fly_one_cm":4853},"minecraft:mined":{"minecraft:coal_ore":20,"minecraft:furnace":1,"minecraft:dark_oak_log":17,"minecraft:stone":46,"minecraft:crafting_table":1},"minecraft:crafted":{"minecraft:dark_oak_planks":12,"minecraft:crafting_table":1,"minecraft:stone_axe":1,"minecraft:stick":8,"minecraft:wooden_pickaxe":1,"minecraft:stone_pickaxe":1}},"DataVersion":2586}