{"stats":{"minecraft:crafted":{"minecraft:oak_planks":12,"minecraft:crafting_table":1,"minecraft:stick":4},"minecraft:picked_up":{"minecraft:stone_pickaxe":1,"minecraft:oak_log":12,"minecraft:oak_sapling":1,"minecraft:dirt":1,"minecraft:cobblestone":27},"minecraft:used":{"minecraft:crafting_table":1,"minecraft:stone_pickaxe":28},"minecraft:mined":{"minecraft:oak_log":11,"minecraft:stone":28,"minecraft:birch_leaves":1,"minecraft:oak_leaves":4},"minecraft:custom":{"minecraft:time_since_rest":10302,"minecraft:play_one_minute":10302,"minecraft:crouch_one_cm":12914,"minecraft:sprint_one_cm":8053,"minecraft:damage_taken":30,"minecraft:walk_one_cm":10484,"minecraft:sneak_time":3671,"minecraft:jump":106,"minecraft:leave_game":2,"minecraft:time_since_death":10302,"minecraft:interact_with_crafting_table":1,"minecraft:fall_one_cm":3574,"minecraft:fly_one_cm":11597}},"DataVersion":2586}